{"823795128103337994": {"winners": 1, "prize": "hello", "status": "running"}, "823797365109555201": {"winners": 1, "prize": "trial", "status": "running"}, "823797421930315787": {"winners": 1, "prize": "trial 2", "status": "running"}, "823797654252814339": {"winners": 1, "prize": "nuke", "status": "running"}, "823797802667606046": {"winners": 1, "prize": "1mil", "status": "running"}, "823798490685112321": {"winners": 1, "prize": "trial", "status": "running"}, "823799116173541398": {"winners": 1, "prize": "trial final", "status": "running"}, "823799847562903553": {"winners": 1, "prize": "final trial no work", "status": "completed"}, "823800473378357258": {"winners": 1, "prize": "final trial still no work", "status": "completed"}, "823800655403548682": {"winners": 1, "prize": "again finale", "status": "running"}, "823801307390410752": {"winners": 1, "prize": "againnn", "status": "completed"}, "823801898569170965": {"winners": 2, "prize": "pepes", "status": "running"}, "823802339768664074": {"winners": 2, "prize": "400k each", "status": "completed"}, "823804452036149259": {"winners": 1, "prize": "hell", "status": "completed"}}