{"690706032829136916": {"coins": 0, "order#1": null, "order#2": null, "cooldown": 0}, "802883472628121620": {"coins": 0, "order#1": null, "order#2": null, "cooldown": 0}, "270904126974590976": {"coins": 0, "order#1": null, "order#2": null, "cooldown": 0}, "811598319683633183": {"coins": 0, "order#1": null, "order#2": null, "cooldown": 0}, "763842885606703104": {"coins": 25, "order#1": null, "order#2": null, "cooldown": 0}, "769101057421869086": {"coins": 5, "order#1": null, "order#2": null, "cooldown": 23}, "775198018441838642": {"coins": 0, "order#1": "5000 Dank Coins", "order#2": null, "cooldown": 23}, "665459041430011910": {"coins": 5, "order#1": null, "order#2": null, "cooldown": 23}, "762893234527535105": {"coins": 5, "order#1": null, "order#2": null, "cooldown": 23}, "779985652737114142": {"coins": 5, "order#1": null, "order#2": null, "cooldown": 23}, "597325895627177986": {"coins": 0, "order#1": null, "order#2": null, "cooldown": 0}, "339254240012664832": {"coins": 0, "order#1": null, "order#2": null, "cooldown": 0}, "811649438212816896": {"coins": 0, "order#1": null, "order#2": null, "cooldown": 0}, "819775137511243777": {"coins": 0, "order#1": null, "order#2": null, "cooldown": 0}, "462872110465810433": {"coins": 0, "order#1": null, "order#2": null, "cooldown": 0}, "235148962103951360": {"coins": 0, "order#1": null, "order#2": null, "cooldown": 0}, "689479153548132365": {"coins": 0, "order#1": null, "order#2": null, "cooldown": 0}, "784353317979422761": {"coins": 0, "order#1": null, "order#2": null, "cooldown": 0}, "634866217764651009": {"coins": 0, "order#1": null, "order#2": null, "cooldown": 0}, "159985870458322944": {"coins": 0, "order#1": null, "order#2": null, "cooldown": 0}, "544098872369217536": {"coins": 0, "order#1": null, "order#2": null, "cooldown": 0}, "807488775663124480": {"coins": 0, "order#1": null, "order#2": null, "cooldown": 0}, "514433847962632193": {"coins": 0, "order#1": null, "order#2": null, "cooldown": 0}, "684476266279338268": {"coins": 0, "order#1": null, "order#2": null, "cooldown": 0}, "348881014828826638": {"coins": 2, "order#1": null, "order#2": null, "cooldown": 0}, "579905582778155008": {"coins": 0, "order#1": null, "order#2": null, "cooldown": 0}, "737990745964806194": {"coins": 0, "order#1": null, "order#2": null, "cooldown": 0}, "811583240430419989": {"coins": 0, "order#1": null, "order#2": null, "cooldown": 0}, "700949496489836584": {"coins": 0, "order#1": null, "order#2": null, "cooldown": 0}, "716390085896962058": {"coins": 0, "order#1": null, "order#2": null, "cooldown": 0}, "543388623534555137": {"coins": 0, "order#1": null, "order#2": null, "cooldown": 0}, "632872758665281567": {"coins": 0, "order#1": null, "order#2": null, "cooldown": 0}, "735173870050345000": {"coins": 0, "order#1": null, "order#2": null, "cooldown": 0}, "784730776268701709": {"coins": 0, "order#1": null, "order#2": null, "cooldown": 0}, "811120806074515487": {"coins": 0, "order#1": null, "order#2": null, "cooldown": 0}, "753613609149661256": {"coins": 0, "order#1": null, "order#2": null, "cooldown": 0}, "754995996714467398": {"coins": 0, "order#1": null, "order#2": null, "cooldown": 0}, "694517290124705882": {"coins": 0, "order#1": null, "order#2": null, "cooldown": 0}, "741721565149921341": {"coins": 0, "order#1": null, "order#2": null, "cooldown": 0}, "766826587949498379": {"coins": 0, "order#1": null, "order#2": null, "cooldown": 0}, "718709736639299654": {"coins": 0, "order#1": null, "order#2": null, "cooldown": 0}, "468281173072805889": {"coins": 0, "order#1": null, "order#2": null, "cooldown": 0}, "811104769371668500": {"coins": 0, "order#1": null, "order#2": null, "cooldown": 0}, "408785106942164992": {"coins": 0, "order#1": null, "order#2": null, "cooldown": 0}, "738260284145401978": {"coins": 0, "order#1": null, "order#2": null, "cooldown": 0}, "614113615787720838": {"coins": 0, "order#1": null, "order#2": null, "cooldown": 0}, "811120803725836308": {"coins": 0, "order#1": null, "order#2": null, "cooldown": 0}, "551522127669624834": {"coins": 0, "order#1": null, "order#2": null, "cooldown": 0}, "700743797977514004": {"coins": 0, "order#1": null, "order#2": null, "cooldown": 0}, "765210974353358880": {"coins": 0, "order#1": null, "order#2": null, "cooldown": 0}, "638073804001902603": {"coins": 0, "order#1": null, "order#2": null, "cooldown": 0}, "338222603829510164": {"coins": 0, "order#1": null, "order#2": null, "cooldown": 0}, "785466113001259040": {"coins": 0, "order#1": null, "order#2": null, "cooldown": 0}, "803532038355288066": {"coins": 0, "order#1": null, "order#2": null, "cooldown": 0}, "235088799074484224": {"coins": 0, "order#1": null, "order#2": null, "cooldown": 0}, "714482475572920401": {"coins": 0, "order#1": null, "order#2": null, "cooldown": 0}, "787992308108099606": {"coins": 0, "order#1": null, "order#2": null, "cooldown": 0}, "658716066419179531": {"coins": 0, "order#1": null, "order#2": null, "cooldown": 0}, "797544967270170626": {"coins": 0, "order#1": null, "order#2": null, "cooldown": 0}, "736568334186709012": {"coins": 0, "order#1": null, "order#2": null, "cooldown": 0}, "809031878656655410": {"coins": 0, "order#1": null, "order#2": null, "cooldown": 0}, "543467907016032270": {"coins": 0, "order#1": null, "order#2": null, "cooldown": 0}, "717645920728252487": {"coins": 0, "order#1": null, "order#2": null, "cooldown": 0}, "608548004227711006": {"coins": 0, "order#1": null, "order#2": null, "cooldown": 0}, "598164041873227788": {"coins": 0, "order#1": null, "order#2": null, "cooldown": 0}, "155149108183695360": {"coins": 0, "order#1": null, "order#2": null, "cooldown": 0}, "785057588689108993": {"coins": 0, "order#1": null, "order#2": null, "cooldown": 0}, "757452691835453534": {"coins": 0, "order#1": null, "order#2": null, "cooldown": 0}, "811142700048580628": {"coins": 0, "order#1": null, "order#2": null, "cooldown": 0}, "614466933852471306": {"coins": 0, "order#1": null, "order#2": null, "cooldown": 0}, "737539715854761994": {"coins": 0, "order#1": null, "order#2": null, "cooldown": 0}, "574934095101034496": {"coins": 0, "order#1": null, "order#2": null, "cooldown": 0}, "801381876374962186": {"coins": 0, "order#1": null, "order#2": null, "cooldown": 0}, "557628352828014614": {"coins": 0, "order#1": null, "order#2": null, "cooldown": 0}, "596737000183300096": {"coins": 0, "order#1": null, "order#2": null, "cooldown": 0}, "302050872383242240": {"coins": 0, "order#1": null, "order#2": null, "cooldown": 0}, "771300497985765376": {"coins": 0, "order#1": null, "order#2": null, "cooldown": 0}, "631822587349172234": {"coins": 0, "order#1": null, "order#2": null, "cooldown": 0}, "692152201954590721": {"coins": 0, "order#1": null, "order#2": null, "cooldown": 0}, "511786918783090688": {"coins": 0, "order#1": null, "order#2": null, "cooldown": 0}}